ID,target
test_2,1
test_3,0
test_4,0
test_8,1
test_9,0
test_10,0
test_11,1
test_14,0
test_16,1
test_19,1
test_20,0
test_22,1
test_23,1
test_24,1
test_26,1
test_27,1
test_28,0
test_30,0
test_33,0
test_34,1
test_35,1
test_36,0
test_37,1
test_40,0
test_41,1
test_42,1
test_43,0
test_44,1
test_45,0
test_46,1
test_48,0
test_49,0
test_51,0
test_52,0
test_53,1
test_54,0
test_55,1
test_56,0
test_58,1
test_59,0
test_63,1
test_64,1
test_65,1
test_66,1
test_67,0
test_69,1
test_70,1
test_71,1
test_72,0
test_75,0
test_76,1
test_78,1
test_80,0
test_81,1
test_83,0
test_85,1
test_90,0
test_92,1
test_93,0
test_94,0
test_95,1
test_96,0
test_97,1
test_98,1
test_101,1
test_102,1
test_103,0
test_105,0
test_106,0
test_107,1
test_108,1
test_109,0
test_110,0
test_111,1
test_112,1
test_115,0
test_116,0
test_119,1
test_120,0
test_123,1
test_124,1
test_125,0
test_126,1
test_127,0
test_130,1
test_132,0
test_133,1
test_134,1
test_136,1
test_137,1
test_138,0
test_140,0
test_141,0
test_142,1
test_143,0
test_145,0
test_146,0
test_147,1
test_148,1
test_149,1
test_150,0
test_151,0
test_153,0
test_154,0
test_157,1
test_158,0
test_160,0
test_163,0
test_165,0
test_167,0
test_168,1
test_169,1
test_170,1
test_171,0
test_172,1
test_173,1
test_174,1
test_175,0
test_176,0
test_177,1
test_178,0
test_179,0
test_181,0
test_184,0
test_186,0
test_188,0
test_189,1
test_190,1
test_192,0
test_193,0
test_195,1
test_196,1
test_197,0
test_198,1
test_201,1
test_202,1
test_203,0
test_208,1
test_209,1
test_210,0
test_211,1
test_212,1
test_213,0
test_214,1
test_215,0
test_216,0
test_218,0
test_219,1
test_220,1
test_221,1
test_222,0
test_223,0
test_224,1
test_226,1
test_227,1
test_229,1
test_231,1
test_232,1
test_233,1
test_234,1
test_236,0
test_238,0
test_240,1
test_241,0
test_242,1
test_243,0
test_244,0
test_245,0
test_250,0
test_251,1
test_252,1
test_253,1
test_254,1
test_256,1
test_258,0
test_259,0
test_260,1
test_261,0
test_263,1
test_264,0
test_266,0
test_267,0
test_268,0
test_269,0
test_270,1
test_272,1
test_273,1
test_275,0
test_276,0
test_277,0
test_279,1
test_281,0
test_282,0
test_283,0
test_284,0
test_285,0
test_286,1
test_289,0
test_290,0
test_291,0
test_302,1
test_303,1
test_304,0
test_306,1
test_308,0
test_309,0
test_310,0
test_311,0
test_312,0
test_313,0
test_316,0
test_318,1
test_319,0
test_321,0
test_330,1
test_331,1
test_334,1
test_335,0
test_337,1
test_338,1
test_339,1
test_340,0
test_342,1
test_344,0
test_345,1
test_346,0
test_347,1
test_348,1
test_349,1
test_350,1
test_351,0
test_352,1
test_353,0
test_354,0
test_356,1
test_359,0
test_360,0
test_361,1
test_363,0
test_365,1
test_366,0
test_367,1
test_368,0
test_369,1
test_371,0
test_372,0
test_373,1
test_375,1
test_378,0
test_380,1
test_381,0
test_383,0
test_384,0
test_385,0
test_386,1
test_388,1
test_389,0
test_390,0
test_393,1
test_394,1
test_395,1
test_396,1
test_397,1
test_398,0
test_401,1
test_402,0
test_403,0
test_406,0
test_407,1
test_410,0
test_411,1
test_412,1
test_413,0
test_414,1
test_416,0
test_417,1
test_418,0
test_419,0
test_420,0
test_421,1
test_423,1
test_424,1
test_426,1
test_428,1
test_429,1
test_430,0
test_431,0
test_432,1
test_435,1
test_436,1
test_437,0
test_438,1
test_441,0
test_442,0
test_444,1
test_445,0
test_446,0
test_447,0
test_448,0
test_449,0
test_450,1
test_452,0
test_453,1
test_454,1
test_455,0
test_456,0
test_457,0
test_458,0
test_459,0
test_461,0
test_463,1
test_464,0
test_465,1
test_466,1
test_467,1
test_470,0
test_471,0
test_473,1
test_474,0
test_475,1
test_476,0
test_477,0
test_478,0
test_479,1
test_481,0
test_482,0
test_483,1
test_484,0
test_485,1
test_486,1
test_487,0
test_488,1
test_489,0
test_490,1
test_491,1
test_492,1
test_494,0
test_496,0
test_497,0
test_498,0
test_499,1
test_500,0
test_501,1
test_502,0
test_504,1
test_505,1
test_507,0
test_508,0
test_509,0
test_510,0
test_511,1
test_512,1
test_513,1
test_516,0
test_517,0
test_518,1
test_520,1
test_521,1
test_524,0
test_525,1
test_526,0
test_527,1
test_530,0
test_533,0
test_534,1
test_535,0
test_536,0
test_537,0
test_539,0
test_540,0
test_542,1
test_544,1
test_548,1
test_550,0
test_551,0
test_552,1
test_554,1
test_555,0
test_557,1
test_560,1
test_561,0
test_562,1
test_563,0
test_565,0
test_568,1
test_569,0
test_570,0
test_571,1
test_572,0
test_573,1
test_574,0
test_575,1
test_576,0
test_579,0
test_580,1
test_581,0
test_582,0
test_583,1
test_585,0
test_586,0
test_587,0
test_590,0
test_591,0
test_593,1
test_595,0
test_596,0
test_597,0
test_598,1
test_599,0
test_600,1
test_601,1
test_602,1
test_603,0
test_604,0
test_605,1
test_606,1
test_607,0
test_608,1
test_609,1
test_610,0
test_613,0
test_614,0
test_615,0
test_616,0
test_617,0
test_619,0
test_620,0
test_622,0
test_625,1
test_626,0
test_627,0
test_628,0
test_629,1
test_631,0
test_632,0
test_634,1
test_635,0
test_637,1
test_638,1
test_639,0
test_640,0
test_641,0
test_642,1
test_644,0
test_645,0
test_647,0
test_648,1
test_649,0
test_650,1
test_651,1
test_653,0
test_655,0
test_656,0
test_657,1
test_658,1
test_659,1
test_661,1
test_662,1
test_664,0
test_667,0
test_669,1
test_672,1
test_674,0
test_675,0
test_676,0
test_677,0
test_679,1
test_680,0
test_681,1
test_682,0
test_688,0
test_689,1
test_690,1
test_691,0
test_693,1
test_695,0
test_696,1
test_697,0
test_698,1
test_699,0
test_701,0
test_703,0
test_704,0
test_705,0
test_706,0
test_709,0
test_711,0
test_713,0
test_714,1
test_715,0
test_716,0
test_717,1
test_718,0
test_719,0
test_722,0
test_723,0
test_724,1
test_726,0
test_727,1
test_732,1
test_734,1
test_735,0
test_736,1
test_738,1
test_739,0
test_740,1
test_741,0
test_743,0
test_744,1
test_746,1
test_748,1
test_749,1
test_751,0
test_752,1
test_754,1
test_755,0
test_756,1
test_757,0
test_758,1
test_760,1
test_761,0
test_762,0
test_766,0
test_767,0
test_768,0
test_771,0
test_772,0
test_773,1
test_776,1
test_777,1
test_778,1
test_780,1
test_782,1
test_784,0
test_785,1
test_786,1
test_789,1
test_790,0
test_791,0
test_792,1
test_793,0
test_794,1
test_795,0
test_797,0
test_802,1
test_803,0
test_806,0
test_807,1
test_808,1
test_809,0
test_810,1
test_811,0
test_813,0
test_814,0
test_815,0
test_817,1
test_818,0
test_819,1
test_820,0
test_821,0
test_826,0
test_827,1
test_828,1
test_832,0
test_835,0
test_837,0
test_838,1
test_840,0
test_841,1
test_843,0
test_844,0
test_848,1
test_849,1
test_850,1
test_851,1
test_852,0
test_853,1
test_854,1
test_856,0
test_857,0
test_860,1
test_861,1
test_862,0
test_863,0
test_864,1
test_865,1
test_867,0
test_868,1
test_870,1
test_871,0
test_873,1
test_876,1
test_879,0
test_880,1
test_881,1
test_883,0
test_884,1
test_885,1
test_886,1
test_887,0
test_890,1
test_891,1
test_892,1
test_893,0
test_895,1
test_897,0
test_898,1
test_899,1
test_900,1
test_901,0
test_902,0
test_903,0
test_904,1
test_905,0
test_908,0
test_910,1
test_911,1
test_912,1
test_913,0
test_916,0
test_917,1
test_919,0
test_920,1
test_921,0
test_922,1
test_924,1
test_925,1
test_926,0
test_927,0
test_929,1
test_930,0
test_931,0
test_932,1
test_933,1
test_935,1
test_937,1
test_939,0
test_940,0
test_942,1
test_943,0
test_944,1
test_947,0
test_949,1
test_950,1
test_951,1
test_952,0
test_953,0
test_955,0
test_956,0
test_957,0
test_960,1
test_961,0
test_963,1
test_964,0
test_965,1
test_968,0
test_970,1
test_971,0
test_972,0
test_973,0
test_975,0
test_979,0
test_980,0
test_983,1
test_984,0
test_985,0
test_986,0
test_988,0
test_989,1
test_991,0
test_992,0
test_993,1
test_997,1
test_998,0
test_1002,1
test_1003,1
test_1004,1
test_1005,1
test_1007,1
test_1009,0
test_1011,0
test_1014,1
test_1015,1
test_1016,0
test_1017,0
test_1019,0
test_1020,1
test_1021,0
test_1022,1
test_1023,0
test_1024,0
test_1025,0
test_1027,1
test_1028,0
test_1029,0
test_1030,1
test_1032,1
test_1034,1
test_1035,1
test_1038,1
test_1039,0
test_1040,0
test_1041,1
test_1043,0
test_1044,0
test_1045,0
test_1047,1
test_1048,0
test_1050,0
test_1051,1
test_1052,0
test_1053,1
test_1055,0
test_1056,0
test_1058,0
test_1059,0
test_1060,1
test_1061,1
test_1062,1
test_1063,0
test_1064,0
test_1065,0
test_1066,1
test_1069,0
test_1070,0
test_1074,0
test_1075,1
test_1077,1
test_1078,0
test_1079,1
test_1080,1
test_1081,1
test_1082,1
test_1083,1
test_1084,0
test_1085,1
test_1086,0
test_1087,1
test_1088,0
test_1090,0
test_1093,1
test_1094,0
test_1095,1
test_1096,0
test_1098,1
test_1103,0
test_1104,0
test_1105,1
test_1107,0
test_1108,0
test_1109,0
test_1110,0
test_1111,0
test_1114,0
test_1117,0
test_1118,0
test_1119,1
test_1120,0
test_1121,0
test_1122,0
test_1123,1
test_1124,1
test_1126,1
test_1127,0
test_1128,1
test_1129,1
test_1133,0
test_1135,0
test_1136,0
test_1137,0
test_1138,0
test_1139,0
test_1143,0
test_1144,0
test_1145,1
test_1146,0
test_1147,1
test_1148,0
test_1149,1
test_1150,1
test_1152,0
test_1153,0
test_1154,1
test_1155,0
test_1156,1
test_1157,0
test_1161,1
test_1163,0
test_1164,1
test_1165,1
test_1166,1
test_1167,1
test_1172,0
test_1173,0
test_1174,1
test_1175,0
test_1176,0
test_1178,1
test_1179,1
test_1180,1
test_1181,0
test_1182,0
test_1183,1
test_1184,1
test_1186,0
test_1187,0
test_1188,1
test_1189,0
test_1190,0
test_1192,1
test_1193,0
test_1194,1
test_1195,0
test_1196,0
test_1197,1
test_1198,0
test_1199,1
test_1200,1
test_1202,0
test_1204,1
test_1205,1
test_1206,0
test_1207,1
test_1208,0
test_1211,1
test_1212,1
test_1213,1
test_1214,0
test_1217,0
test_1219,1
test_1220,1
test_1221,0
test_1223,1
test_1224,1
test_1226,1
test_1227,1
test_1228,0
test_1230,1
test_1231,0
test_1232,1
test_1234,0
test_1237,0
test_1238,0
test_1241,1
test_1243,0
test_1244,0
test_1249,1
test_1251,1
test_1253,1
test_1255,1
test_1257,1
test_1259,0
test_1260,1
test_1261,1
test_1262,1
test_1263,1
test_1266,1
test_1267,1
test_1270,0
test_1271,0
test_1273,0
test_1274,1
test_1275,0
test_1276,0
test_1277,1
test_1281,1
test_1284,1
test_1287,1
test_1289,1
test_1290,0
test_1293,1
test_1294,0
test_1295,1
test_1296,1
test_1297,1
test_1298,1
test_1299,0
test_1301,1
test_1303,0
test_1305,1
test_1306,1
test_1307,0
test_1308,0
test_1309,0
test_1310,0
test_1311,1
test_1312,1
test_1313,1
test_1314,0
test_1317,0
test_1320,1
test_1323,1
test_1325,1
test_1326,0
test_1329,1
test_1330,1
test_1332,1
test_1333,1
test_1334,0
test_1335,1
test_1336,0
test_1337,0
test_1338,1
test_1341,0
test_1342,1
test_1343,1
test_1345,0
test_1348,1
test_1351,1
test_1353,1
test_1354,0
test_1357,0
test_1358,0
test_1361,0
test_1362,0
test_1363,0
test_1364,0
test_1365,1
test_1366,1
test_1367,1
test_1369,0
test_1371,1
test_1372,0
test_1373,0
test_1375,1
test_1376,0
test_1379,1
test_1380,1
test_1381,0
test_1382,1
test_1383,0
test_1384,0
test_1385,1
test_1387,0
test_1388,1
test_1391,1
test_1392,0
test_1393,0
test_1394,0
test_1397,0
test_1399,0
test_1400,0
test_1402,1
test_1403,0
test_1404,0
test_1407,0
test_1409,0
test_1410,1
test_1413,1
test_1414,0
test_1415,0
test_1416,0
test_1420,1
test_1421,1
test_1422,1
test_1423,0
test_1424,1
test_1425,0
test_1428,1
test_1430,1
test_1434,1
test_1435,0
test_1436,1
test_1438,0
test_1440,1
test_1443,0
test_1444,0
test_1445,0
test_1446,1
test_1447,1
test_1449,1
test_1450,1
test_1451,0
test_1453,1
test_1454,1
test_1455,1
test_1457,0
test_1458,1
test_1459,0
test_1461,0
test_1464,0
test_1465,0
test_1466,0
test_1467,0
test_1468,1
test_1469,0
test_1470,1
test_1471,0
test_1472,0
test_1473,0
test_1474,1
test_1475,0
test_1476,0
test_1477,1
test_1480,1
test_1482,1
test_1483,1
test_1485,0
test_1486,1
test_1489,1
test_1490,0
test_1492,0
test_1493,0
test_1494,0
test_1495,1
test_1497,0
test_1501,1
test_1502,1
test_1503,0
test_1505,0
test_1506,1
test_1509,0
test_1512,1
test_1513,0
test_1515,0
test_1516,0
test_1520,0
test_1521,0
test_1523,0
test_1524,0
test_1525,1
test_1526,1
test_1527,0
test_1528,0
test_1529,1
test_1530,1
test_1531,1
test_1532,0
test_1533,1
test_1534,1
test_1535,1
test_1537,0
test_1541,1
test_1542,0
test_1544,0
test_1546,0
test_1548,0
test_1549,0
test_1554,0
test_1555,0
test_1557,0
test_1559,1
test_1560,1
test_1562,0
test_1563,1
test_1564,1
test_1566,0
test_1567,0
test_1568,1
test_1569,1
test_1570,1
test_1571,1
test_1572,0
test_1575,0
test_1576,0
test_1577,1
test_1578,1
test_1580,1
test_1581,0
test_1582,0
test_1583,1
test_1586,0
test_1587,0
test_1588,0
test_1592,0
test_1593,0
test_1595,0
test_1600,0
test_1601,1
test_1602,1
test_1603,1
test_1606,0
test_1607,0
test_1608,1
test_1609,1
test_1610,1
test_1611,0
test_1612,1
test_1613,0
test_1614,1
test_1617,0
test_1618,0
test_1619,0
test_1620,0
test_1621,1
test_1622,1
test_1624,0
test_1625,0
test_1627,1
test_1628,0
test_1631,0
test_1632,0
test_1634,1
test_1636,0
test_1639,1
test_1641,1
test_1643,1
test_1646,0
test_1648,0
test_1649,0
test_1650,0
test_1652,1
test_1653,1
test_1655,1
test_1657,1
test_1658,1
test_1659,0
test_1660,0
test_1661,0
test_1662,0
test_1663,0
test_1664,0
test_1665,0
test_1666,0
test_1667,1
test_1669,1
test_1670,1
test_1671,0
test_1672,1
test_1674,1
test_1677,0
test_1678,1
test_1679,1
test_1681,0
test_1683,0
test_1684,0
test_1685,1
test_1687,0
test_1688,0
test_1690,1
test_1692,0
test_1696,1
test_1697,0
test_1698,1
test_1699,1
test_1704,1
test_1705,0
test_1707,1
test_1708,1
test_1709,1
test_1710,0
test_1712,1
test_1713,1
test_1715,1
test_1716,0
test_1717,0
test_1721,0
test_1723,0
test_1724,0
test_1725,1
test_1726,1
test_1727,0
test_1728,1
test_1729,0
test_1730,1
test_1731,0
test_1733,1
test_1734,0
test_1735,0
test_1736,0
test_1737,0
test_1738,0
test_1740,1
test_1743,1
test_1744,0
test_1745,1
test_1747,1
test_1748,0
test_1750,0
test_1751,0
test_1752,0
test_1753,0
test_1754,0
test_1756,0
test_1757,1
test_1759,1
test_1760,0
test_1762,1
test_1763,0
test_1764,0
test_1765,1
test_1766,1
test_1767,1
test_1768,0
test_1769,1
test_1771,1
test_1772,0
test_1773,0
test_1774,1
test_1775,0
test_1776,0
test_1777,0
test_1779,1
test_1781,0
test_1784,1
test_1785,0
test_1786,1
test_1787,1
test_1788,0
test_1790,0
test_1792,0
test_1794,0
test_1795,1
test_1797,0
test_1799,1
test_1804,1
test_1806,0
test_1808,0
test_1809,1
test_1811,0
test_1812,0
test_1813,1
test_1814,1
test_1815,1
test_1816,1
test_1818,1
test_1819,1
test_1820,0
test_1821,1
test_1823,0
test_1824,1
test_1825,0
test_1827,0
test_1828,0
test_1829,0
test_1830,0
test_1831,0
test_1832,1
test_1833,1
test_1836,0
test_1837,1
test_1838,0
test_1840,0
test_1841,0
test_1843,0
test_1844,0
test_1846,1
test_1847,1
test_1848,1
test_1850,0
test_1851,1
test_1852,1
test_1853,1
test_1854,0
test_1856,0
test_1858,1
test_1860,0
test_1864,0
test_1866,0
test_1867,1
test_1868,0
test_1870,0
test_1872,1
test_1873,1
test_1874,0
test_1876,1
test_1877,1
test_1878,0
test_1879,0
test_1880,0
test_1882,1
test_1886,0
test_1887,1
test_1888,0
test_1892,1
test_1896,1
test_1897,1
test_1898,0
test_1899,1
test_1900,0
test_1902,0
test_1904,0
test_1905,0
test_1906,1
test_1907,1
test_1909,1
test_1911,1
test_1914,1
test_1915,0
test_1918,0
test_1921,1
test_1922,0
test_1927,1
test_1928,0
test_1930,0
test_1931,1
test_1932,0
test_1933,1
test_1934,0
test_1935,1
test_1937,1
test_1938,1
test_1939,1
test_1941,1
test_1942,0
test_1943,1
test_1945,0
test_1946,1
test_1947,1
test_1948,1
test_1949,1
test_1951,1
test_1952,0
test_1954,1
test_1955,0
test_1956,0
test_1957,0
test_1959,1
test_1960,0
test_1961,1
test_1967,0
test_1969,0
test_1970,1
test_1971,0
test_1972,1
test_1973,0
test_1975,1
test_1976,0
test_1977,1
test_1978,1
test_1979,0
test_1980,0
test_1982,1
test_1983,0
test_1984,0
test_1985,1
test_1986,0
test_1987,1
test_1988,1
test_1989,1
test_1990,1
test_1991,1
test_1992,0
test_1993,1
test_1994,1
test_1996,1
test_1999,1
test_2000,0
test_2002,0
test_2004,0
test_2005,0
test_2007,0
test_2010,1
test_2011,1
test_2012,1
test_2014,0
test_2015,0
test_2016,1
test_2017,1
test_2018,1
test_2019,1
test_2020,0
test_2021,0
test_2022,0
test_2023,0
test_2024,1
test_2026,0
test_2027,1
test_2028,1
test_2030,1
test_2031,0
test_2032,1
test_2034,1
test_2035,0
test_2036,1
test_2037,0
test_2038,1
test_2039,1
test_2041,0
test_2043,0
test_2044,0
test_2046,1
test_2049,1
test_2051,1
test_2052,0
test_2053,1
test_2054,1
test_2055,0
test_2058,1
test_2060,1
test_2061,1
test_2063,0
test_2064,1
test_2065,0
test_2066,1
test_2070,0
test_2071,1
test_2073,1
test_2074,1
test_2076,1
test_2077,1
test_2078,0
test_2079,0
test_2080,1
test_2081,1
test_2082,1
test_2084,0
test_2086,0
test_2087,1
test_2088,0
test_2093,0
test_2094,1
test_2095,0
test_2096,1
test_2097,0
test_2098,1
test_2099,1
test_2100,0
test_2101,1
test_2102,0
test_2104,1
test_2106,1
test_2111,1
test_2113,0
test_2114,0
test_2116,0
test_2117,0
test_2119,1
test_2121,1
test_2122,0
test_2124,0
test_2125,0
test_2126,0
test_2127,0
test_2128,0
test_2129,1
test_2130,1
test_2131,1
test_2133,1
test_2134,0
test_2135,0
test_2138,1
test_2139,0
test_2140,0
test_2141,0
test_2143,1
test_2145,1
test_2147,1
test_2148,0
test_2151,1
test_2153,1
test_2155,0
test_2157,0
test_2158,1
test_2159,0
test_2160,1
test_2161,0
test_2162,1
test_2163,0
test_2164,0
test_2166,1
test_2168,0
test_2169,0
test_2170,0
test_2172,0
test_2173,1
test_2174,1
test_2176,0
test_2177,1
test_2179,1
test_2180,0
test_2181,0
test_2182,1
test_2183,0
test_2186,1
test_2187,0
test_2188,0
test_2189,0
test_2190,0
test_2192,0
test_2193,0
test_2195,0
test_2197,1
test_2198,1
test_2199,1
test_2200,0
test_2202,0
test_2203,0
test_2206,1
test_2207,0
test_2209,0
test_2211,0
test_2213,0
test_2214,1
test_2215,1
test_2216,1
test_2218,0
test_2219,0
test_2220,1
test_2221,0
test_2222,1
test_2224,1
test_2226,1
test_2227,0
test_2228,0
test_2229,0
test_2230,0
test_2231,1
test_2233,1
test_2234,1
test_2235,1
test_2236,0
test_2237,1
test_2239,1
test_2241,0
test_2242,1
test_2245,0
test_2246,0
test_2247,1
test_2249,1
test_2251,0
test_2252,0
test_2254,1
test_2255,1
test_2256,0
test_2259,1
test_2260,1
test_2261,1
test_2264,0
test_2265,0
test_2266,1
test_2267,0
test_2268,1
test_2270,0
test_2273,0
test_2274,1
test_2275,1
test_2278,1
test_2279,0
test_2280,1
test_2282,1
test_2283,1
test_2285,0
test_2287,0
test_2290,0
test_2293,0
test_2295,1
test_2299,0
test_2300,0
test_2302,0
test_2303,1
test_2306,0
test_2309,0
test_2312,0
test_2314,0
test_2315,0
test_2316,0
test_2317,0
test_2319,0
test_2320,1
test_2322,1
test_2323,1
test_2326,0
test_2328,0
test_2330,0
test_2332,1
test_2333,1
test_2334,1
test_2335,1
test_2337,1
test_2338,1
test_2339,0
test_2340,0
test_2341,0
test_2343,0
test_2344,1
test_2345,0
test_2346,1
test_2348,1
test_2349,0
test_2352,0
test_2353,0
test_2354,0
test_2356,1
test_2357,1
test_2358,0
test_2362,0
test_2364,0
test_2365,0
test_2367,1
test_2368,1
test_2371,1
test_2373,1
test_2374,1
test_2375,1
test_2377,1
test_2378,0
test_2379,0
test_2380,0
test_2381,0
test_2382,1
test_2385,0
test_2386,0
test_2389,1
test_2390,0
test_2391,0
test_2393,0
test_2394,0
test_2396,1
test_2400,0
test_2401,1
test_2402,0
test_2404,1
test_2405,0
test_2406,0
test_2407,1
test_2409,0
test_2410,1
test_2412,0
test_2413,1
test_2414,1
test_2416,0
test_2417,0
test_2418,0
test_2420,0
test_2423,0
test_2424,0
test_2425,1
test_2426,0
test_2428,0
test_2429,1
test_2430,0
test_2431,0
test_2433,1
test_2434,1
test_2435,0
test_2436,1
test_2437,0
test_2438,0
test_2439,0
test_2440,1
test_2441,1
test_2443,0
test_2444,0
test_2446,0
test_2447,1
test_2448,1
test_2449,1
test_2450,0
test_2451,0
test_2452,1
test_2453,1
test_2454,0
test_2455,1
test_2456,1
test_2457,1
test_2458,1
test_2459,1
test_2460,1
test_2462,0
test_2464,0
test_2468,0
test_2470,1
test_2471,1
test_2473,0
test_2475,0
test_2476,0
test_2477,0
test_2481,0
test_2482,1
test_2484,1
test_2485,1
test_2486,1
test_2487,0
test_2489,0
test_2492,1
test_2493,1
test_2494,1
test_2495,0
test_2496,1
test_2497,0
test_2499,1
test_2500,1
test_2502,0
test_2503,0
test_2504,0
test_2505,0
test_2506,1
test_2509,0
test_2510,0
test_2511,0
test_2513,1
test_2516,1
test_2517,1
test_2518,1
test_2520,0
test_2523,0
test_2524,1
test_2525,1
test_2528,0
test_2531,0
test_2532,1
test_2533,0
test_2534,1
test_2535,0
test_2537,1
test_2540,1
test_2541,1
test_2542,0
test_2544,1
test_2545,1
test_2547,1
test_2549,1
test_2553,0
test_2556,0
test_2557,0
test_2558,0
test_2560,0
test_2561,0
test_2562,0
test_2563,0
test_2564,0
test_2565,1
test_2566,1
test_2567,1
test_2571,0
test_2572,0
test_2574,0
test_2575,1
test_2576,0
test_2577,1
test_2578,0
test_2579,0
test_2581,1
test_2582,1
test_2583,0
test_2584,0
test_2585,0
test_2586,0
test_2587,1
test_2588,0
test_2590,0
test_2593,1
test_2595,1
test_2596,1
test_2597,0
test_2598,0
test_2600,0
test_2602,1
test_2603,0
test_2604,1
test_2605,1
test_2606,0
test_2608,0
test_2610,1
test_2611,1
test_2612,1
test_2613,1
test_2614,1
test_2616,1
test_2617,1
test_2620,0
test_2623,1
test_2624,1
test_2625,0
test_2626,1
test_2629,0
test_2632,1
test_2634,1
test_2635,0
test_2638,0
test_2639,1
test_2640,0
test_2641,0
test_2642,1
test_2643,1
test_2646,0
test_2648,1
test_2649,1
test_2651,0
test_2652,1
test_2653,1
test_2654,0
test_2656,1
test_2659,1
test_2662,0
test_2663,0
test_2664,0
test_2665,0
test_2669,0
test_2671,1
test_2673,1
test_2676,0
test_2677,1
test_2678,1
test_2681,1
test_2682,0
test_2683,0
test_2685,0
test_2686,1
test_2687,0
test_2689,0
test_2693,1
test_2694,1
test_2696,1
test_2699,0
test_2700,0
test_2701,1
test_2702,1
test_2703,0
test_2704,1
test_2705,1
test_2707,0
test_2708,1
test_2709,0
test_2710,1
test_2711,1
test_2712,1
test_2713,0
test_2714,1
test_2715,0
test_2716,0
test_2717,1
test_2718,1
test_2721,1
test_2722,0
test_2723,0
test_2724,0
test_2725,1
test_2726,0
test_2727,1
test_2728,1
test_2729,0
test_2731,0
test_2732,1
test_2733,1
test_2735,1
test_2736,1
test_2739,1
test_2740,0
test_2741,0
test_2742,0
test_2743,0
test_2746,1
test_2748,0
test_2749,1
test_2750,1
test_2751,1
test_2752,0
test_2753,1
test_2754,0
test_2755,0
test_2756,1
test_2757,0
test_2758,1
test_2759,1
test_2761,0
test_2762,0
test_2766,0
test_2772,0
test_2773,1
test_2774,0
test_2775,1
test_2776,1
test_2780,1
test_2782,1
test_2783,1
test_2784,0
test_2785,1
test_2787,1
test_2788,0
test_2789,1
test_2791,1
test_2792,0
test_2794,0
test_2795,0
test_2796,0
test_2798,1
test_2800,0
test_2801,0
test_2802,1
test_2804,1
test_2805,0
test_2809,0
test_2813,1
test_2816,0
test_2819,0
test_2820,1
test_2821,1
test_2823,0
test_2824,0
test_2825,0
test_2826,1
test_2827,0
test_2829,0
test_2830,1
test_2831,0
test_2832,1
test_2833,1
test_2834,0
test_2838,0
test_2839,1
test_2840,1
test_2842,1
test_2843,0
test_2845,0
test_2846,0
test_2848,1
test_2849,1
test_2851,0
test_2852,0
test_2853,0
test_2854,0
test_2855,0
test_2856,1
test_2857,0
test_2858,1
test_2860,0
test_2861,1
test_2862,0
test_2864,0
test_2866,0
test_2867,1
test_2874,0
test_2875,1
test_2876,0
test_2877,1
test_2879,0
test_2880,1
test_2881,1
test_2882,1
test_2883,1
test_2884,0
test_2885,0
test_2886,0
test_2888,0
test_2889,0
test_2890,1
test_2893,1
test_2894,1
test_2895,1
test_2896,0
test_2897,0
test_2899,1
test_2900,0
test_2901,1
test_2902,0
test_2905,1
test_2906,0
test_2907,1
test_2910,0
test_2911,0
test_2912,1
test_2913,0
test_2914,0
test_2916,0
test_2917,1
test_2918,0
test_2920,1
test_2921,1
test_2924,1
test_2925,1
test_2926,0
test_2927,1
test_2929,0
test_2930,1
test_2931,0
test_2932,1
test_2934,1
test_2936,0
test_2937,1
test_2940,1
